,Importance (RF),Importance (Boosting),Importance (Bagging)
Log Gdp Per Capita,32.308781352680846,61.72032417171409,59.02825580995389
Social Support,20.00702423043336,7.50335397914847,8.860936512276659
Healthy Life Expectancy At Birth,25.101108910953897,17.523646429065636,17.527757372168
Freedom To Make Life Choices,10.631933057470345,6.922313979821848,7.203479259109533
Generosity,4.744188036188401,3.1664055673574776,3.793036928708925
Perceptions Of Corruption,7.2069644122731535,3.1639558728924806,3.5865341177830072
